{
  "lang":"en",
  "name":"pipeline",
  "version":"0.0.0",
  "spacy_version":">=3.5.1,<3.6.0",
  "description":"",
  "author":"",
  "email":"",
  "url":"",
  "license":"",
  "spacy_git_version":"8153bd573",
  "vectors":{
    "width":300,
    "vectors":514157,
    "keys":514157,
    "name":"en_vectors",
    "mode":"default"
  },
  "labels":{
    "tok2vec":[

    ],
    "ner":[
      "CONTRAT",
      "EDUCATION",
      "EXPERIENCE",
      "HARD-SKILL",
      "LANGUE",
      "POSTE",
      "SALAIRE",
      "SOFT-SKILL"
    ]
  },
  "pipeline":[
    "tok2vec",
    "ner"
  ],
  "components":[
    "tok2vec",
    "ner"
  ],
  "disabled":[

  ],
  "performance":{
    "ents_f":0.9610848678,
    "ents_p":0.9695908708,
    "ents_r":0.9527268094,
    "ents_per_type":{
      "POSTE":{
        "p":0.9674489023,
        "r":0.9845916795,
        "f":0.9759450172
      },
      "HARD-SKILL":{
        "p":0.9717777131,
        "r":0.9564719359,
        "f":0.9640640785
      },
      "SOFT-SKILL":{
        "p":0.9940682155,
        "r":0.9935770751,
        "f":0.9938225846
      },
      "EDUCATION":{
        "p":0.9330708661,
        "r":0.9518072289,
        "f":0.9423459245
      },
      "SALAIRE":{
        "p":1.0,
        "r":0.6052631579,
        "f":0.7540983607
      },
      "CONTRAT":{
        "p":0.9762202753,
        "r":0.9848484848,
        "f":0.9805153991
      },
      "LANGUE":{
        "p":1.0,
        "r":1.0,
        "f":1.0
      },
      "EXPERIENCE":{
        "p":0.4423076923,
        "r":0.2438162544,
        "f":0.3143507973
      }
    },
    "tok2vec_loss":1560.5126864982,
    "ner_loss":807.3606703182
  }
}